{"cameraMode":{"drawMode":0,"name":"Shaded","section":"Shading Mode"},"sceneLighting":true,"audioPlay":false,"sceneViewState":{"m_AlwaysRefresh":false,"showFog":true,"showSkybox":true,"showFlares":true,"showImageEffects":true,"showParticleSystems":true,"showVisualEffectGraphs":true,"m_FxEnabled":true},"in2DMode":false,"pivot":{"x":-0.2979503273963928,"y":-2.486642360687256,"z":13.810511589050293},"rotation":{"x":0.13786843419075013,"y":-0.005946768447756767,"z":0.0008322120411321521,"w":0.9904508590698242},"size":10.595524787902832,"orthographic":false}