{"cameraMode":{"drawMode":0,"name":"Shaded","section":"Shading Mode"},"sceneLighting":true,"audioPlay":false,"sceneViewState":{"m_AlwaysRefresh":false,"showFog":true,"showSkybox":true,"showFlares":true,"showImageEffects":true,"showParticleSystems":true,"showVisualEffectGraphs":true,"m_FxEnabled":true},"in2DMode":false,"pivot":{"x":-0.057356834411621097,"y":0.4054664075374603,"z":2.1954874992370607},"rotation":{"x":0.2536272406578064,"y":0.05219893157482147,"z":-0.013707151636481285,"w":0.965800940990448},"size":2.9042844772338869,"orthographic":false}