{"cameraMode":{"drawMode":0,"name":"Shaded","section":"Shading Mode"},"sceneLighting":true,"audioPlay":false,"sceneViewState":{"m_AlwaysRefresh":false,"showFog":true,"showSkybox":true,"showFlares":true,"showImageEffects":true,"showParticleSystems":true,"showVisualEffectGraphs":true,"m_FxEnabled":true},"in2DMode":false,"pivot":{"x":0.24702192842960359,"y":0.5376235246658325,"z":0.2084577977657318},"rotation":{"x":0.31777912378311159,"y":-0.11341826617717743,"z":0.03832892328500748,"w":0.9405991435050964},"size":0.2926049828529358,"orthographic":false}