{"cameraMode":{"drawMode":0,"name":"Shaded","section":"Shading Mode"},"sceneLighting":true,"audioPlay":false,"sceneViewState":{"m_AlwaysRefresh":false,"showFog":true,"showSkybox":true,"showFlares":true,"showImageEffects":true,"showParticleSystems":true,"showVisualEffectGraphs":true,"m_FxEnabled":true},"in2DMode":false,"pivot":{"x":-0.5506994724273682,"y":0.7364428639411926,"z":2.5300707817077638},"rotation":{"x":0.13048145174980164,"y":-0.20660515129566194,"z":0.02781267650425434,"w":0.9693066477775574},"size":0.8926050066947937,"orthographic":false}